,case,x,y,z,beta,sigma
1,1.0,-13.088820541387928,-370.87830295653475,285.70444238164146,1.0,0.39824998749211554
2,2.0,350.5541898615279,-588.1939609626232,-257.3028579817785,0.9276421241608159,0.08165321844072748
3,3.0,517.7226309263884,-369.4819870987176,291.22616551589067,0.8240962572261638,0.13058714388167492
4,4.0,799.978900477452,-190.513084102859,299.9999467789371,0.6398883076526969,0.10491569177947513
5,5.0,-615.0001770014496,-204.96814680176658,152.89799485144567,1.0,0.17085316189477862
